City,Customer ID,Email Address,First Name,Last Name,Phone,State,Street,Zip Code
Lansing,AB959,congue.a@lorem.edu,Arden,Bennett,(959) 194-1875,MI,467 Velit. Road,32618
Springfield,AE177,Aliquam.fringilla.cursus@necmalesuada.org,Astra,Edwards,(177) 600-1729,MA,"P.O. Box 196, 9542 A Road",45487
Covington,AF146,molestie@mattis.edu,Ayanna,Foreman,(146) 146-9356,KY,1690 Consectetuer Rd.,91314
Athens,AJ342,in@dictum.org,Adena,Jenkins,(342) 731-9079,GA,Ap #912-9572 Nunc Rd.,93325
Montpelier,AL696,per.conubia.nostra@neque.org,Adara,Langley,(696) 810-8990,VT,"P.O. Box 364, 576 Dui Road",66450
Fort Smith,AO423,egestas.a@sapien.edu,Anastasia,Owens,(423) 401-3016,AR,Ap #768-1320 Sociis Avenue,72182
Bowling Green,AP383,amet.massa@Maurisvestibulumneque.net,Amena,Petersen,(383) 554-7219,KY,"P.O. Box 116, 1182 Arcu St.",98968
Lincoln,AW191,Suspendisse.commodo@egestasrhoncus.ca,Amery,Washington,(191) 476-0002,NE,Ap #921-1871 Nulla Road,52207
Jonesboro,BA261,amet.consectetuer.adipiscing@vestibulum.com,Blaine,Ashley,(261) 759-5806,AR,7896 Pede St.,72875
Hattiesburg,BC544,magna.Phasellus@Phasellus.net,Brock,Case,(544) 534-1984,MS,513 Magna. Road,34843
Augusta,BH538,ultricies.ornare.elit@Mauris.ca,Barrett,Howell,(538) 115-5665,GA,Ap #778-6520 Orci. Road,99188
Kenosha,BL360,et.malesuada@consequat.net,Brody,Love,(360) 338-4848,WI,"Ap #395-1618 Non, Av.",26992
Columbia,BM992,Proin.vel.nisl@enim.ca,Benjamin,Miranda,(992) 329-4925,MD,"P.O. Box 311, 2133 Nec, St.",82356
Lawton,BP340,sit@vitaealiquetnec.net,Brooke,Perkins,(340) 732-9367,OK,Ap #164-3678 Scelerisque Street,14573
Augusta,CA368,gravida.sit@miAliquam.net,Cailin,Alford,(368) 400-8301,GA,495-3046 Erat Rd.,29616
Tulsa,CB608,felis@eros.net,Chester,Best,(608) 587-5791,OK,Ap #968-7278 In Avenue,43225
Tampa,CC186,in.felis@Mauriseu.co.uk,Chastity,Charles,(186) 176-2590,FL,"P.O. Box 524, 6354 Posuere, Rd.",82457
Carson City,CH327,blandit@quis.com,Calvin,Henry,(327) 821-0113,NV,4663 Dictum St.,35575
West Jordan,CL177,auctor.odio@utdolordapibus.co.uk,Coby,Lucas,(177) 816-3420,UT,"Ap #617-8301 At, Rd.",35549
Missoula,CO603,purus@luctus.edu,Clementine,Oliver,(603) 332-7827,MT,703-3051 Molestie Ave,30346
Shreveport,CR901,penatibus.et@lectusa.com,Cally,Reynolds,(901) 166-8355,LA,234-8243 Fringilla Avenue,70824
Grand Island,DC275,arcu@elit.ca,Derek,Conrad,(275) 477-2907,NE,1073 Nunc St.,42024
Nashville,DD311,adipiscing.elit.Etiam@euultricessit.edu,Dorian,Dale,(311) 929-6026,TN,Ap #693-7510 Donec Rd.,32602
Memphis,DD951,neque.sed@ultriciessemmagna.ca,Dustin,Daugherty,(951) 720-1227,TN,3783 Eu St.,32934
St. Petersburg,DF542,arcu@nisiMaurisnulla.co.uk,Debra,Finley,(542) 954-1230,FL,Ap #505-6100 Duis St.,42227
Tucson,EB529,Vestibulum.ante@sitametmassa.net,Eagan,Bray,(529) 738-3373,AZ,395-9988 Auctor Road,85261
Metairie,ED714,ante.ipsum.primis@gravidasagittis.com,Eric,Donaldson,(714) 520-4254,LA,"P.O. Box 410, 5651 Nec Av.",55212
Chandler,EN774,dolor@perconubia.edu,Erasmus,Neal,(774) 548-5638,AZ,"P.O. Box 192, 7666 Tristique St.",85410
Lafayette,FH324,tempor.arcu.Vestibulum@tinciduntaliquamarcu.com,Francesca,Hodges,(324) 686-7614,LA,735-9674 Arcu. Ave,95303
Vancouver,GF707,risus.at@orci.co.uk,Graham,Frederick,(707) 474-5854,WA,Ap #900-8969 Adipiscing Rd.,29504
Warren,GG466,ultrices.Vivamus@orciin.edu,Germaine,Green,(466) 455-4160,MI,"Ap #393-7888 Egestas, St.",35221
Auburn,GG496,ullamcorper@tempusrisus.edu,Gray,Gutierrez,(496) 849-2265,ME,Ap #798-172 Ante Street,33682
West Valley City,GO720,montes.nascetur@semperrutrum.net,Guy,Ochoa,(720) 242-4596,UT,Ap #315-2338 Semper Road,23946
Lafayette,HN831,quam.quis.diam@facilisisfacilisis.org,Hunter,Newton,(831) 996-1240,LA,"P.O. Box 340, 3871 Cras St.",25680
Eugene,HS222,convallis.convallis.dolor@aenim.co.uk,Hadley,Sosa,(222) 150-9436,OR,3557 Vestibulum Rd.,96724
Grand Rapids,HV383,cursus.et.eros@loremfringilla.ca,Hedy,Vang,(383) 134-3234,MI,"P.O. Box 978, 6491 Phasellus Rd.",66348
Essex,IH716,mauris@consectetuerrhoncus.ca,Iliana,Hester,(716) 866-7734,VT,Ap #157-1207 Dolor Street,93452
San Francisco,IO714,Etiam@nisi.ca,Indira,Odom,(714) 947-5101,CA,819-207 Etiam Avenue,92261
Colorado Springs,JC375,rhoncus@facilisis.co.uk,Jaime,Craig,(375) 915-2089,CO,734-291 Orci. Rd.,88379
Vancouver,JD838,Proin@vitaeerat.co.uk,Joshua,Delaney,(838) 282-2276,WA,"P.O. Box 127, 506 Per Av.",55379
Augusta,JG491,taciti@vehicula.edu,Jerry,Gill,(491) 955-1047,GA,Ap #410-3622 Cursus Av.,72618
Kansas City,JH840,purus.Nullam.scelerisque@ligula.net,Jenna,Hendricks,(840) 746-9696,KS,6366 Pede Road,90550
Akron,JL549,Ut.tincidunt.vehicula@urnajusto.org,Judith,Leonard,(549) 439-1744,OH,Ap #268-6365 Id Street,79211
Provo,JR394,at.auctor@nonvestibulumnec.net,Jael,Rice,(394) 444-6027,UT,"9456 Enim, Rd.",82041
Springfield,JW700,orci.luctus@semut.org,Josiah,Wagner,(700) 742-7671,MO,"P.O. Box 577, 524 Nullam Rd.",76249
Glendale,KH106,ipsum.Suspendisse@euerosNam.ca,Karly,Hardin,(106) 281-7513,AZ,Ap #636-3942 Nulla Av.,85122
Tulsa,KH715,vitae.nibh.Donec@ideratEtiam.org,Kyla,Hebert,(715) 654-8147,OK,7355 Penatibus St.,23071
Cincinnati,KK578,arcu.Morbi@ut.co.uk,Kyle,Keith,(578) 125-5684,OH,830-1866 Mus. Road,81170
Richmond,KN704,turpis@loremvehicula.com,Kamal,Newton,(704) 685-9968,VA,6565 Dictum Rd.,70621
Kailua,KP976,nec.ante@Donecnibhenim.edu,Kenneth,Potts,(976) 544-1168,HI,Ap #644-1887 Congue St.,12464
Reno,KS246,a@Incondimentum.org,Kaden,Sharpe,(246) 987-2818,NV,Ap #399-3026 Etiam St.,74122
Wyoming,LJ868,ligula.tortor@Curabituregestas.co.uk,Laith,Jordan,(868) 659-6715,WY,901-9067 Ridiculus Road,35361
Hattiesburg,LP623,Vivamus.nisi@risus.com,Leslie,Pace,(623) 686-1821,MS,"4563 Convallis, Ave",82730
Clarksville,LR311,nisl.Maecenas.malesuada@nuncac.org,Lunea,Rios,(311) 982-5690,TN,"P.O. Box 789, 3792 Elit St.",13703
Jackson,LT176,eros@faucibusleo.ca,Lucas,Trevino,(176) 773-9482,MS,"P.O. Box 905, 9945 Volutpat. Rd.",35136
Portland,MF186,Nullam.suscipit.est@ametornare.com,Malik,Faulkner,(186) 520-2519,OR,373-5832 Rutrum Av.,15726
Omaha,MF838,pellentesque@Donecest.net,Merrill,Freeman,(838) 734-1768,NE,"877-8627 Amet, Rd.",95518
Wichita,MG263,ipsum.cursus.vestibulum@semperegestas.com,Melyssa,Gates,(263) 976-2589,KS,"P.O. Box 501, 3788 Vestibulum Road",26414
Augusta,MG689,mauris.erat@cursusdiamat.net,Molly,Grant,(689) 843-0460,ME,"P.O. Box 670, 843 Lorem, Ave",67161
Lowell,MM309,eu.odio@tempor.edu,Mollie,Meyers,(309) 329-9140,MA,4812 Enim. Av.,12490
Chesapeake,MM723,Donec.nibh.enim@pede.co.uk,Mona,Matthews,(723) 808-1834,VA,255-8043 Cum Street,98393
Springfield,MP748,fringilla@Nulla.net,Melinda,Price,(748) 701-8010,IL,946-8193 Neque Ave,47976
Columbus,MR358,nulla.ante@posuerevulputate.org,Medge,Ratliff,(358) 751-8227,GA,"P.O. Box 431, 308 Nisi Ave",83005
Detroit,MR366,eget.lacus@sitametorci.org,Michael,Rutledge,(366) 822-4574,MI,Ap #374-2080 Faucibus St.,56616
Warren,NM892,enim.Mauris.quis@Vivamusnibh.net,Nicole,Mcconnell,(892) 616-0264,MI,Ap #241-6887 Integer St.,81838
New Orleans,NR822,neque.sed@turpis.ca,Nolan,Robertson,(822) 296-4465,LA,4417 Accumsan Street,44402
Fort Worth,NS540,sociis.natoque.penatibus@pedeCras.co.uk,Nolan,Slater,(540) 487-5928,TX,Ap #346-6863 Nunc Road,20173
Minneapolis,NS930,ut@ultricessit.co.uk,Nasim,Sheppard,(930) 295-6752,MN,"P.O. Box 590, 2305 Tempor Ave",79789
Salem,NV989,ut.nisi@elitAliquam.ca,Nash,Vasquez,(989) 937-6199,OR,6045 In Av.,74140
Fort Smith,OM513,Vestibulum.ante.ipsum@sapienimperdiet.edu,Oleg,Merritt,(513) 912-4721,AR,"P.O. Box 464, 7497 Mauris, Rd.",72021
Hartford,PW615,faucibus.Morbi@semmagna.org,Philip,Ware,(615) 720-3672,CT,"P.O. Box 150, 4408 Elit, Rd.",87162
Owensboro,QM203,velit@Pellentesquehabitantmorbi.org,Quentin,Marshall,(203) 755-9348,KY,"P.O. Box 153, 9018 Integer Rd.",81526
South Portland,QV229,Mauris@Proin.co.uk,Quail,Vance,(229) 484-5107,ME,5964 Et Street,39139
Cleveland,RA868,sit@ac.org,Roanna,Acevedo,(868) 464-7466,OH,"P.O. Box 558, 6339 Aliquet St.",41487
Baltimore,RB330,luctus@nec.co.uk,Roth,Black,(330) 983-4433,MD,789-9797 Etiam Road,82278
Fayetteville,RH129,sagittis.placerat.Cras@pharetra.edu,Rose,Holcomb,(129) 823-5800,AR,977-3911 Neque Street,71201
Salem,RH484,et.magnis@posuereat.edu,Rae,Hawkins,(484) 158-4493,OR,4749 Dui. Rd.,18601
Oklahoma City,RM302,risus@feugiatnonlobortis.co.uk,Ronan,Mendez,(302) 847-0643,OK,"P.O. Box 815, 4997 Vulputate Av.",53624
Fairbanks,RN447,pretium.et@egestaslacinia.ca,Rebekah,Nelson,(447) 121-6473,AK,5857 Donec Av.,99718
Frankfort,RS237,metus@dictumplacerataugue.net,Rhona,Stanley,(237) 294-5071,KY,7443 Nullam Rd.,23593
Wichita,RW244,arcu.eu@eusem.com,Raja,Wells,(244) 178-1821,KS,2452 Aliquet St.,77520
Lawton,RW653,sed@quispedePraesent.edu,Rhonda,Wilder,(653) 854-3876,OK,4242 Aliquet. St.,49215
Biloxi,SB279,nascetur@sitametmetus.org,Shafira,Bennett,(279) 911-0843,MS,"P.O. Box 910, 2555 Est St.",53453
Eugene,SB982,nibh@ultricesposuere.edu,Sydney,Bartlett,(982) 231-7357,OR,"412-9800 Urna, Ave",87765
Carson City,SC361,Morbi.sit@pedemalesuada.net,Savannah,Conner,(361) 128-7285,NV,Ap #684-3829 Eu Rd.,22412
Seattle,SD110,mattis.velit@vel.net,Sydney,Dejesus,(110) 771-1999,WA,"P.O. Box 992, 4161 Adipiscing Rd.",26131
Carson City,SD934,tempus.scelerisque@turpisnonenim.co.uk,Shay,Davidson,(934) 777-4129,NV,554-2399 Auctor St.,47875
Norman,SK733,ac.mattis@pretiumaliquet.net,Sasha,King,(733) 104-5058,OK,998-5387 Nunc Avenue,92389
Eugene,SM137,dictum@Fuscefermentumfermentum.edu,Serena,Malone,(137) 440-1643,OR,Ap #402-5528 Nascetur Rd.,10421
Kansas City,SR304,tempor.arcu@ascelerisque.com,Sydney,Robertson,(304) 577-5758,MO,"329-9610 Elit, St.",61642
Bozeman,SS497,ipsum@eu.co.uk,Sade,Santiago,(497) 492-4618,MT,206-3671 Ullamcorper Rd.,10912
Dover,SV197,dignissim.tempor@tincidunt.edu,Shellie,Velez,(197) 282-8671,DE,Ap #986-4982 Donec Ave,23365
Augusta,TB662,feugiat@Aliquameratvolutpat.edu,Theodore,Brock,(662) 476-0315,GA,"P.O. Box 158, 2782 Dapibus Av.",84032
Gulfport,TP113,Nullam.ut@tellusjusto.co.uk,Tyrone,Powell,(113) 724-9255,MS,2316 Enim. Road,72567
Olathe,WR721,ac@Utsemper.net,Wynter,Roberts,(721) 262-6519,KS,886-1764 Ac St.,96956
Kenosha,WR722,massa.Mauris.vestibulum@In.co.uk,Wesley,Rush,(722) 576-0563,WI,"512-3041 Rutrum, Rd.",18508
South Portland,YT818,scelerisque.neque.sed@atlacus.net,Yoko,Travis,(818) 864-3843,ME,2226 Urna. Rd.,90815
Fort Wayne,ZF166,a@nibhdolor.com,Zephr,Fry,(166) 472-2547,IN,462-8520 Sit Rd.,17769
Carson City,ZM708,nec@orci.ca,Zephr,Mcgee,(708) 764-4578,NV,Ap #560-8531 Non Ave,94851
Fairbanks,ZW921,risus@ProindolorNulla.edu,Zena,Washington,(921) 805-5150,AK,5120 Libero. Rd.,99784
